{"cameraMode":{"drawMode":0,"name":"Shaded","section":"Shading Mode"},"sceneLighting":true,"audioPlay":false,"sceneViewState":{"showFog":true,"showMaterialUpdate":false,"showSkybox":true,"showFlares":true,"showImageEffects":true,"showParticleSystems":true},"in2DMode":false,"pivot":{"x":1957.9915771484375,"y":1970.766357421875,"z":-28.115455627441408},"rotation":{"x":0.12162721902132034,"y":-0.4243059754371643,"z":0.05763256922364235,"w":0.8954628705978394},"size":3630.184326171875,"orthographic":false}